{"cameraMode":{"drawMode":0,"name":"Shaded","section":"Shading Mode"},"sceneLighting":false,"audioPlay":false,"sceneViewState":{"m_AlwaysRefresh":false,"showFog":true,"showSkybox":true,"showFlares":true,"showImageEffects":true,"showParticleSystems":true,"showVisualEffectGraphs":true,"m_FxEnabled":true},"in2DMode":false,"pivot":{"x":-1.715335726737976,"y":10.489185333251954,"z":-0.5374746322631836},"rotation":{"x":0.5830432772636414,"y":-0.007311863824725151,"z":0.0052486080676317219,"w":0.8123877048492432},"size":10.434765815734864,"orthographic":false}