{"cameraMode":{"drawMode":0,"name":"Shaded","section":"Shading Mode"},"sceneLighting":false,"audioPlay":false,"sceneViewState":{"m_AlwaysRefresh":false,"showFog":true,"showSkybox":true,"showFlares":true,"showImageEffects":true,"showParticleSystems":true,"showVisualEffectGraphs":true,"m_FxEnabled":true},"in2DMode":false,"pivot":{"x":-12.242321968078614,"y":13.101238250732422,"z":7.011960983276367},"rotation":{"x":-0.053484972566366199,"y":0.14057275652885438,"z":-0.007625953294336796,"w":-0.9885985255241394},"size":11.021049499511719,"orthographic":false}