{"cameraMode":{"drawMode":0,"name":"Shaded","section":"Shading Mode"},"sceneLighting":false,"audioPlay":false,"sceneViewState":{"m_AlwaysRefresh":false,"showFog":true,"showSkybox":true,"showFlares":true,"showImageEffects":true,"showParticleSystems":true,"showVisualEffectGraphs":true,"m_FxEnabled":true},"in2DMode":false,"pivot":{"x":-1.5062161684036255,"y":-8.856407165527344,"z":0.5706167221069336},"rotation":{"x":0.3155103325843811,"y":0.005693495273590088,"z":-0.0018930865917354823,"w":0.9489046335220337},"size":19.08973503112793,"orthographic":false}